,x,y,y0,y1
0,0.0,0.0,-1000.0,1000.0
1,0.1001001001001001,0.010020030040050061,-999.9899799699599,1000.0100200300401
2,0.2002002002002002,0.040080120160200246,-999.9599198798398,1000.0400801201602
3,0.3003003003003003,0.09018027036045054,-999.9098197296396,1000.0901802703604
4,0.4004004004004004,0.16032048064080098,-999.8396795193592,1000.1603204806408
5,0.5005005005005005,0.2505007510012515,-999.7494992489987,1000.2505007510013
6,0.6006006006006006,0.36072108144180215,-999.6392789185581,1000.3607210814419
7,0.7007007007007008,0.49098147196245306,-999.5090185280376,1000.4909814719624
8,0.8008008008008008,0.6412819225632039,-999.3587180774368,1000.6412819225632
9,0.9009009009009009,0.8116224332440549,-999.1883775667559,1000.8116224332441
10,1.001001001001001,1.002003004005006,-998.997996995995,1001.002003004005
11,1.1011011011011012,1.2124236348460573,-998.787576365154,1001.212423634846
12,1.2012012012012012,1.4428843257672086,-998.5571156742328,1001.4428843257672
13,1.3013013013013013,1.6933850767684602,-998.3066149232316,1001.6933850767684
14,1.4014014014014016,1.9639258878498123,-998.0360741121502,1001.9639258878498
15,1.5015015015015016,2.2545067590112637,-997.7454932409887,1002.2545067590113
16,1.6016016016016017,2.5651276902528157,-997.4348723097472,1002.5651276902528
17,1.7017017017017018,2.8957886815744676,-997.1042113184255,1002.8957886815745
18,1.8018018018018018,3.2464897329762197,-996.7535102670238,1003.2464897329762
19,1.9019019019019021,3.6172308444580725,-996.382769155542,1003.617230844458
20,2.002002002002002,4.008012016020024,-995.9919879839799,1004.0080120160201
21,2.1021021021021022,4.418833247662077,-995.5811667523379,1004.4188332476621
22,2.2022022022022023,4.849694539384229,-995.1503054606158,1004.8496945393842
23,2.3023023023023024,5.300595891186482,-994.6994041088135,1005.3005958911865
24,2.4024024024024024,5.771537303068834,-994.2284626969312,1005.7715373030688
25,2.5025025025025025,6.262518775031287,-993.7374812249687,1006.2625187750313
26,2.6026026026026026,6.773540307073841,-993.2264596929261,1006.7735403070739
27,2.702702702702703,7.304601899196496,-992.6953981008035,1007.3046018991965
28,2.802802802802803,7.855703551399249,-992.1442964486007,1007.8557035513993
29,2.902902902902903,8.426845263682102,-991.5731547363179,1008.4268452636821
30,3.0030030030030033,9.018027036045055,-990.981972963955,1009.018027036045
31,3.1031031031031033,9.629248868488109,-990.3707511315118,1009.6292488684882
32,3.2032032032032034,10.260510761011263,-989.7394892389888,1010.2605107610112
33,3.3033033033033035,10.911812713614516,-989.0881872863855,1010.9118127136145
34,3.4034034034034035,11.58315472629787,-988.4168452737022,1011.5831547262978
35,3.5035035035035036,12.274536799061325,-987.7254632009386,1012.2745367990614
36,3.6036036036036037,12.985958931904879,-987.0140410680951,1012.9859589319049
37,3.7037037037037037,13.717421124828533,-986.2825788751715,1013.7174211248285
38,3.8038038038038042,14.46892337783229,-985.5310766221677,1014.4689233778323
39,3.9039039039039043,15.240465690916144,-984.7595343090838,1015.2404656909162
40,4.004004004004004,16.032048064080097,-983.9679519359199,1016.0320480640801
41,4.104104104104104,16.843670497324155,-983.1563295026758,1016.8436704973242
42,4.2042042042042045,17.675332990648307,-982.3246670093517,1017.6753329906483
43,4.3043043043043046,18.527035544052563,-981.4729644559475,1018.5270355440525
44,4.404404404404405,19.398778157536917,-980.6012218424631,1019.3987781575369
45,4.504504504504505,20.290560831101374,-979.7094391688986,1020.2905608311014
46,4.604604604604605,21.20238356474593,-978.7976164352541,1021.2023835647459
47,4.704704704704705,22.134246358470584,-977.8657536415294,1022.1342463584706
48,4.804804804804805,23.086149212275338,-976.9138507877246,1023.0861492122754
49,4.904904904904905,24.058092126160194,-975.9419078738398,1024.05809212616
50,5.005005005005005,25.05007510012515,-974.9499248998749,1025.0500751001252
51,5.105105105105105,26.062098134170206,-973.9379018658298,1026.0620981341701
52,5.205205205205205,27.094161228295363,-972.9058387717047,1027.0941612282954
53,5.305305305305305,28.14626438250062,-971.8537356174994,1028.1462643825007
54,5.405405405405406,29.218407596785983,-970.7815924032141,1029.218407596786
55,5.505505505505506,30.31059087115144,-969.6894091288485,1030.3105908711514
56,5.605605605605606,31.422814205596996,-968.577185794403,1031.422814205597
57,5.705705705705706,32.55507760012265,-967.4449223998773,1032.5550776001226
58,5.805805805805806,33.70738105472841,-966.2926189452716,1033.7073810547283
59,5.9059059059059065,34.879724569414265,-965.1202754305857,1034.8797245694143
60,6.0060060060060065,36.07210814418022,-963.9278918558198,1036.0721081441802
61,6.106106106106107,37.28453177902628,-962.7154682209737,1037.2845317790263
62,6.206206206206207,38.516995473952434,-961.4830045260476,1038.5169954739524
63,6.306306306306307,39.76949922895869,-960.2305007710413,1039.7694992289587
64,6.406406406406407,41.04204304404505,-958.957956955955,1041.0420430440452
65,6.506506506506507,42.33462691921151,-957.6653730807885,1042.3346269192116
66,6.606606606606607,43.647250854458065,-956.3527491455419,1043.647250854458
67,6.706706706706707,44.97991484978473,-955.0200851502153,1044.9799148497848
68,6.806806806806807,46.33261890519148,-953.6673810948085,1046.3326189051916
69,6.906906906906907,47.70536302067834,-952.2946369793217,1047.7053630206783
70,7.007007007007007,49.0981471962453,-950.9018528037547,1049.0981471962452
71,7.107107107107107,50.51097143189236,-949.4890285681076,1050.5109714318924
72,7.207207207207207,51.943835727619515,-948.0561642723804,1051.9438357276194
73,7.307307307307307,53.39674008342677,-946.6032599165733,1053.3967400834267
74,7.407407407407407,54.86968449931413,-945.1303155006858,1054.8696844993142
75,7.507507507507508,56.3626689752816,-943.6373310247184,1056.3626689752816
76,7.6076076076076085,57.87569351132916,-942.1243064886709,1057.8756935113292
77,7.7077077077077085,59.40875810745682,-940.5912418925432,1059.4087581074568
78,7.807807807807809,60.96186276366458,-939.0381372363354,1060.9618627636646
79,7.907907907907909,62.535007479952434,-937.4649925200475,1062.5350074799524
80,8.008008008008009,64.12819225632039,-935.8718077436796,1064.1281922563203
81,8.108108108108109,65.74141709276846,-934.2585829072316,1065.7414170927684
82,8.208208208208209,67.37468198929662,-932.6253180107034,1067.3746819892967
83,8.308308308308309,69.02798694590487,-930.9720130540951,1069.0279869459048
84,8.408408408408409,70.70133196259323,-929.2986680374067,1070.7013319625933
85,8.508508508508509,72.3947170393617,-927.6052829606383,1072.3947170393617
86,8.608608608608609,74.10814217621025,-925.8918578237898,1074.1081421762103
87,8.70870870870871,75.84160737313891,-924.1583926268611,1075.841607373139
88,8.80880880880881,77.59511263014767,-922.4048873698523,1077.5951126301477
89,8.90890890890891,79.36865794723653,-920.6313420527634,1079.3686579472364
90,9.00900900900901,81.1622433244055,-918.8377566755945,1081.1622433244056
91,9.10910910910911,82.97586876165455,-917.0241312383455,1082.9758687616545
92,9.20920920920921,84.80953425898372,-915.1904657410163,1084.8095342589836
93,9.30930930930931,86.66323981639297,-913.336760183607,1086.663239816393
94,9.40940940940941,88.53698543388234,-911.4630145661176,1088.5369854338824
95,9.50950950950951,90.43077111145179,-909.5692288885482,1090.4307711114518
96,9.60960960960961,92.34459684910135,-907.6554031508987,1092.3445968491014
97,9.70970970970971,94.27846264683102,-905.721537353169,1094.278462646831
98,9.80980980980981,96.23236850464077,-903.7676314953592,1096.2323685046408
99,9.90990990990991,98.20631442253064,-901.7936855774693,1098.2063144225306
100,10.01001001001001,100.2003004005006,-899.7996995994994,1100.2003004005005
101,10.11011011011011,102.21432643855066,-897.7856735614494,1102.2143264385506
102,10.21021021021021,104.24839253668083,-895.7516074633191,1104.2483925366807
103,10.31031031031031,106.30249869489109,-893.697501305109,1106.302498694891
104,10.41041041041041,108.37664491318145,-891.6233550868185,1108.3766449131815
105,10.51051051051051,110.47083119155191,-889.529168808448,1110.470831191552
106,10.61061061061061,112.58505753000247,-887.4149424699975,1112.5850575300024
107,10.710710710710712,114.71932392853317,-885.2806760714668,1114.7193239285332
108,10.810810810810812,116.87363038714393,-883.126369612856,1116.873630387144
109,10.910910910910912,119.0479769058348,-880.9520230941652,1119.0479769058347
110,11.011011011011012,121.24236348460576,-878.7576365153942,1121.2423634846057
111,11.111111111111112,123.45679012345683,-876.5432098765432,1123.4567901234568
112,11.211211211211213,125.69125682238798,-874.308743177612,1125.691256822388
113,11.311311311311313,127.94576358139925,-872.0542364186008,1127.9457635813992
114,11.411411411411413,130.2203104004906,-869.7796895995094,1130.2203104004907
115,11.511511511511513,132.51489727966208,-867.4851027203379,1132.5148972796621
116,11.611611611611613,134.82952421891363,-865.1704757810863,1134.8295242189135
117,11.711711711711713,137.1641912182453,-862.8358087817547,1137.1641912182454
118,11.811811811811813,139.51889827765706,-860.4811017223429,1139.5188982776572
119,11.911911911911913,141.89364539714893,-858.1063546028511,1141.893645397149
120,12.012012012012013,144.28843257672088,-855.7115674232791,1144.2884325767209
121,12.112112112112113,146.70325981637296,-853.296740183627,1146.703259816373
122,12.212212212212213,149.13812711610512,-850.8618728838949,1149.1381271161051
123,12.312312312312313,151.5930344759174,-848.4069655240826,1151.5930344759174
124,12.412412412412413,154.06798189580974,-845.9320181041903,1154.0679818958097
125,12.512512512512513,156.56296937578222,-843.4370306242178,1156.5629693757821
126,12.612612612612613,159.07799691583477,-840.9220030841652,1159.0779969158348
127,12.712712712712714,161.61306451596744,-838.3869354840326,1161.6130645159674
128,12.812812812812814,164.1681721761802,-835.8318278238198,1164.1681721761802
129,12.912912912912914,166.74331989647308,-833.256680103527,1166.7433198964732
130,13.013013013013014,169.33850767684604,-830.661492323154,1169.3385076768461
131,13.113113113113114,171.9537355172991,-828.046264482701,1171.953735517299
132,13.213213213213214,174.58900341783226,-825.4109965821677,1174.5890034178324
133,13.313313313313314,177.24431137844553,-822.7556886215544,1177.2443113784454
134,13.413413413413414,179.9196593991389,-820.0803406008611,1179.919659399139
135,13.513513513513514,182.61504747991236,-817.3849525200876,1182.6150474799124
136,13.613613613613614,185.33047562076592,-814.6695243792341,1185.3304756207658
137,13.713713713713714,188.0659438216996,-811.9340561783004,1188.0659438216996
138,13.813813813813814,190.82145208271336,-809.1785479172867,1190.8214520827134
139,13.913913913913914,193.59700040380721,-806.4029995961928,1193.5970004038072
140,14.014014014014014,196.3925887849812,-803.6074112150188,1196.3925887849812
141,14.114114114114114,199.20821722623526,-800.7917827737647,1199.2082172262353
142,14.214214214214214,202.04388572756943,-797.9561142724306,1202.0438857275694
143,14.314314314314315,204.89959428898368,-795.1004057110163,1204.8995942889837
144,14.414414414414415,207.77534291047806,-792.224657089522,1207.775342910478
145,14.514514514514515,210.67113159205252,-789.3288684079475,1210.6711315920525
146,14.614614614614615,213.58696033370708,-786.4130396662929,1213.586960333707
147,14.714714714714715,216.52282913544175,-783.4771708645583,1216.5228291354417
148,14.814814814814815,219.47873799725653,-780.5212620027435,1219.4787379972565
149,14.914914914914915,222.45468691915138,-777.5453130808486,1222.4546869191513
150,15.015015015015017,225.4506759011264,-774.5493240988736,1225.4506759011265
151,15.115115115115117,228.46670494318147,-771.5332950568186,1228.4667049431814
152,15.215215215215217,231.50277404531664,-768.4972259546834,1231.5027740453165
153,15.315315315315317,234.55888320753192,-765.441116792468,1234.5588832075318
154,15.415415415415417,237.63503242982728,-762.3649675701727,1237.6350324298273
155,15.515515515515517,240.73122171220274,-759.2687782877972,1240.7312217122028
156,15.615615615615617,243.8474510546583,-756.1525489453417,1243.8474510546582
157,15.715715715715717,246.98372045719398,-753.016279542806,1246.983720457194
158,15.815815815815817,250.14002991980973,-749.8599700801902,1250.1400299198096
159,15.915915915915917,253.31637944250562,-746.6836205574944,1253.3163794425056
160,16.016016016016017,256.51276902528156,-743.4872309747184,1256.5127690252816
161,16.116116116116117,259.72919866813766,-740.2708013318623,1259.7291986681375
162,16.216216216216218,262.96566837107383,-737.0343316289261,1262.965668371074
163,16.316316316316318,266.2221781340901,-733.7778218659099,1266.22217813409
164,16.416416416416418,269.4987279571865,-730.5012720428135,1269.4987279571865
165,16.516516516516518,272.79531784036294,-727.2046821596371,1272.795317840363
166,16.616616616616618,276.1119477836195,-723.8880522163805,1276.1119477836196
167,16.716716716716718,279.44861778695616,-720.5513822130438,1279.4486177869562
168,16.816816816816818,282.8053278503729,-717.1946721496271,1282.805327850373
169,16.916916916916918,286.1820779738698,-713.8179220261302,1286.1820779738698
170,17.017017017017018,289.5788681574468,-710.4211318425532,1289.5788681574468
171,17.117117117117118,292.9956984011038,-707.0043015988962,1292.9956984011037
172,17.217217217217218,296.432568704841,-703.5674312951589,1296.432568704841
173,17.31731731731732,299.88947906865826,-700.1105209313417,1299.8894790686581
174,17.41741741741742,303.36642949255565,-696.6335705074443,1303.3664294925557
175,17.51751751751752,306.8634199765331,-693.1365800234669,1306.8634199765331
176,17.61761761761762,310.38045052059067,-689.6195494794093,1310.3804505205908
177,17.71771771771772,313.91752112472835,-686.0824788752716,1313.9175211247284
178,17.81781781781782,317.4746317889461,-682.5253682110539,1317.4746317889462
179,17.91791791791792,321.051782513244,-678.948217486756,1321.051782513244
180,18.01801801801802,324.648973297622,-675.351026702378,1324.648973297622
181,18.11811811811812,328.26620414208,-671.73379585792,1328.26620414208
182,18.21821821821822,331.9034750466182,-668.0965249533817,1331.9034750466183
183,18.31831831831832,335.5607860112365,-664.4392139887635,1335.5607860112364
184,18.41841841841842,339.23813703593487,-660.7618629640651,1339.2381370359349
185,18.51851851851852,342.93552812071334,-657.0644718792867,1342.9355281207133
186,18.61861861861862,346.6529592655719,-653.3470407344281,1346.652959265572
187,18.71871871871872,350.3904304705106,-649.6095695294894,1350.3904304705106
188,18.81881881881882,354.14794173552934,-645.8520582644707,1354.1479417355295
189,18.91891891891892,357.9254930606282,-642.0745069393718,1357.9254930606282
190,19.01901901901902,361.72308444580716,-638.2769155541928,1361.7230844458072
191,19.11911911911912,365.54071589106627,-634.4592841089337,1365.5407158910662
192,19.21921921921922,369.3783873964054,-630.6216126035946,1369.3783873964053
193,19.31931931931932,373.2360989618247,-626.7639010381753,1373.2360989618246
194,19.41941941941942,377.11385058732407,-622.8861494126759,1377.1138505873241
195,19.51951951951952,381.01164227290354,-618.9883577270964,1381.0116422729036
196,19.61961961961962,384.9294740185631,-615.070525981437,1384.929474018563
197,19.71971971971972,388.8673458243028,-611.1326541756972,1388.867345824303
198,19.81981981981982,392.82525769012256,-607.1747423098775,1392.8252576901225
199,19.91991991991992,396.80320961602246,-603.1967903839775,1396.8032096160225
200,20.02002002002002,400.8012016020024,-599.1987983979976,1400.8012016020025
201,20.12012012012012,404.8192336480625,-595.1807663519376,1404.8192336480624
202,20.22022022022022,408.8573057542026,-591.1426942457974,1408.8573057542026
203,20.32032032032032,412.9154179204229,-587.0845820795771,1412.915417920423
204,20.42042042042042,416.9935701467233,-583.0064298532767,1416.9935701467234
205,20.52052052052052,421.0917624331038,-578.9082375668962,1421.0917624331037
206,20.62062062062062,425.20999477956434,-574.7900052204357,1425.2099947795643
207,20.72072072072072,429.34826718610503,-570.651732813895,1429.348267186105
208,20.82082082082082,433.5065796527258,-566.4934203472742,1433.5065796527258
209,20.92092092092092,437.68493217942665,-562.3150678205734,1437.6849321794266
210,21.02102102102102,441.88332476620764,-558.1166752337924,1441.8833247662076
211,21.12112112112112,446.1017574130687,-553.8982425869312,1446.1017574130688
212,21.22122122122122,450.3402301200099,-549.6597698799901,1450.34023012001
213,21.32132132132132,454.59874288703116,-545.4012571129688,1454.5987428870312
214,21.421421421421424,458.8772957141327,-541.1227042858673,1458.8772957141327
215,21.521521521521525,463.17588860131417,-536.8241113986858,1463.1758886013142
216,21.621621621621625,467.49452154857573,-532.5054784514243,1467.4945215485757
217,21.721721721721725,471.83319455591743,-528.1668054440826,1471.8331945559175
218,21.821821821821825,476.1919076233392,-523.8080923766609,1476.1919076233391
219,21.921921921921925,480.57066075084106,-519.4293392491589,1480.570660750841
220,22.022022022022025,484.96945393842304,-515.030546061577,1484.9694539384232
221,22.122122122122125,489.3882871860851,-510.6117128139149,1489.388287186085
222,22.222222222222225,493.8271604938273,-506.1728395061727,1493.8271604938273
223,22.322322322322325,498.2860738616496,-501.7139261383504,1498.2860738616496
224,22.422422422422425,502.76502728955194,-497.23497271044806,1502.7650272895519
225,22.522522522522525,507.2640207775344,-492.7359792224656,1507.2640207775344
226,22.622622622622625,511.783054325597,-488.216945674403,1511.783054325597
227,22.722722722722725,516.3221279337397,-483.6778720662603,1516.3221279337397
228,22.822822822822825,520.8812416019624,-479.1187583980376,1520.8812416019623
229,22.922922922922925,525.4603953302653,-474.5396046697347,1525.4603953302653
230,23.023023023023026,530.0595891186483,-469.9404108813517,1530.0595891186483
231,23.123123123123126,534.6788229671114,-465.3211770328886,1534.6788229671115
232,23.223223223223226,539.3180968756545,-460.68190312434547,1539.3180968756546
233,23.323323323323326,543.9774108442779,-456.02258915572213,1543.977410844278
234,23.423423423423426,548.6567648729812,-451.34323512701883,1548.656764872981
235,23.523523523523526,553.3561589617647,-446.64384103823534,1553.3561589617648
236,23.623623623623626,558.0755931106282,-441.92440688937177,1558.0755931106282
237,23.723723723723726,562.8150673195719,-437.1849326804281,1562.8150673195719
238,23.823823823823826,567.5745815885957,-432.4254184114043,1567.5745815885957
239,23.923923923923926,572.3541359176996,-427.64586408230036,1572.3541359176998
240,24.024024024024026,577.1537303068835,-422.8462696931165,1577.1537303068835
241,24.124124124124126,581.9733647561476,-418.0266352438524,1581.9733647561475
242,24.224224224224226,586.8130392654919,-413.18696073450815,1586.8130392654919
243,24.324324324324326,591.6727538349161,-408.3272461650839,1591.672753834916
244,24.424424424424426,596.5525084644205,-403.4474915355795,1596.5525084644205
245,24.524524524524526,601.452303154005,-398.547696845995,1601.452303154005
246,24.624624624624627,606.3721379036696,-393.62786209633043,1606.3721379036697
247,24.724724724724727,611.3120127134142,-388.6879872865858,1611.3120127134143
248,24.824824824824827,616.271927583239,-383.72807241676105,1616.271927583239
249,24.924924924924927,621.2518825131439,-378.74811748685613,1621.2518825131438
250,25.025025025025027,626.2518775031289,-373.74812249687113,1626.251877503129
251,25.125125125125127,631.2719125531939,-368.72808744680606,1631.271912553194
252,25.225225225225227,636.3119876633391,-363.6880123366609,1636.311987663339
253,25.325325325325327,641.3721028335643,-358.6278971664357,1641.3721028335644
254,25.425425425425427,646.4522580638697,-353.54774193613025,1646.4522580638697
255,25.525525525525527,651.5524533542552,-348.44754664574475,1651.5524533542552
256,25.625625625625627,656.6726887047208,-343.3273112952792,1656.6726887047207
257,25.725725725725727,661.8129641152665,-338.1870358847335,1661.8129641152664
258,25.825825825825827,666.9732795858923,-333.0267204141077,1666.9732795858922
259,25.925925925925927,672.1536351165981,-327.84636488340186,1672.1536351165983
260,26.026026026026027,677.3540307073841,-322.64596929261586,1677.354030707384
261,26.126126126126128,682.5744663582502,-317.4255336417498,1682.5744663582502
262,26.226226226226228,687.8149420691964,-312.1850579308036,1687.8149420691964
263,26.326326326326328,693.0754578402227,-306.9245421597773,1693.0754578402227
264,26.426426426426428,698.356013671329,-301.64398632867096,1698.356013671329
265,26.526526526526528,703.6566095625155,-296.34339043748446,1703.6566095625155
266,26.626626626626628,708.9772455137821,-291.0227544862179,1708.9772455137822
267,26.726726726726728,714.3179215251288,-285.6820784748712,1714.317921525129
268,26.826826826826828,719.6786375965556,-280.32136240344437,1719.6786375965557
269,26.926926926926928,725.0593937280624,-274.94060627193755,1725.0593937280623
270,27.027027027027028,730.4601899196495,-269.53981008035055,1730.4601899196496
271,27.127127127127128,735.8810261713165,-264.11897382868347,1735.8810261713165
272,27.227227227227228,741.3219024830637,-258.6780975169363,1741.3219024830637
273,27.32732732732733,746.7828188548909,-253.21718114510907,1746.782818854891
274,27.42742742742743,752.2637752867984,-247.73622471320164,1752.2637752867984
275,27.52752752752753,757.7647717787859,-242.23522822121413,1757.7647717787859
276,27.62762762762763,763.2858083308535,-236.71419166914654,1763.2858083308533
277,27.72772772772773,768.8268849430011,-231.17311505699888,1768.826884943001
278,27.82782782782783,774.3880016152289,-225.61199838477114,1774.3880016152289
279,27.92792792792793,779.9691583475368,-220.0308416524632,1779.969158347537
280,28.02802802802803,785.5703551399248,-214.4296448600752,1785.5703551399247
281,28.12812812812813,791.1915919923929,-208.8084080076071,1791.191591992393
282,28.22822822822823,796.832868904941,-203.16713109505895,1796.832868904941
283,28.32832832832833,802.4941858775693,-197.5058141224307,1802.4941858775692
284,28.42842842842843,808.1755429102777,-191.82445708972227,1808.1755429102777
285,28.52852852852853,813.8769400030661,-186.12305999693388,1813.876940003066
286,28.62862862862863,819.5983771559347,-180.4016228440653,1819.5983771559347
287,28.72872872872873,825.3398543688834,-174.66014563111662,1825.3398543688834
288,28.82882882882883,831.1013716419122,-168.89862835808776,1831.1013716419122
289,28.92892892892893,836.8829289750211,-163.11707102497894,1836.882928975021
290,29.02902902902903,842.6845263682101,-157.31547363178993,1842.68452636821
291,29.12912912912913,848.5061638214792,-151.49383617852084,1848.5061638214793
292,29.22922922922923,854.3478413348283,-145.65215866517167,1854.3478413348284
293,29.32932932932933,860.2095589082576,-139.79044109174242,1860.2095589082576
294,29.42942942942943,866.091316541767,-133.90868345823299,1866.091316541767
295,29.52952952952953,871.9931142353565,-128.00688576464347,1871.9931142353566
296,29.62962962962963,877.9149519890261,-122.08504801097388,1877.9149519890261
297,29.72972972972973,883.8568298027758,-116.14317019722421,1883.8568298027758
298,29.82982982982983,889.8187476766055,-110.18125232339446,1889.8187476766057
299,29.929929929929934,895.8007056105156,-104.19929438948441,1895.8007056105157
300,30.030030030030034,901.8027036045056,-98.19729639549439,1901.8027036045055
301,30.130130130130134,907.8247416585757,-92.1752583414243,1907.8247416585757
302,30.230230230230234,913.8668197727259,-86.13318022727412,1913.8668197727259
303,30.330330330330334,919.9289379469561,-80.07106205304387,1919.928937946956
304,30.430430430430434,926.0110961812666,-73.98890381873343,1926.0110961812666
305,30.530530530530534,932.1132944756571,-67.88670552434291,1932.113294475657
306,30.630630630630634,938.2355328301277,-61.76446716987232,1938.2355328301278
307,30.730730730730734,944.3778112446784,-55.622188755321645,1944.3778112446785
308,30.830830830830834,950.5401297193091,-49.45987028069089,1950.540129719309
309,30.930930930930934,956.7224882540199,-43.277511745980064,1956.72248825402
310,31.031031031031034,962.924886848811,-37.07511315118904,1962.924886848811
311,31.131131131131134,969.147325503682,-30.852674496317945,1969.1473255036822
312,31.231231231231234,975.3898042186332,-24.61019578136677,1975.3898042186333
313,31.331331331331334,981.6523229936645,-18.347677006335516,1981.6523229936645
314,31.431431431431434,987.9348818287759,-12.065118171224071,1987.9348818287758
315,31.531531531531535,994.2374807239675,-5.762519276032549,1994.2374807239676
316,31.631631631631635,1000.5601196792389,0.5601196792389374,2000.560119679239
317,31.731731731731735,1006.9027986945907,6.902798694590729,2006.9027986945907
318,31.831831831831835,1013.2655177700225,13.265517770022484,2013.2655177700226
319,31.931931931931935,1019.6482769055343,19.648276905534317,2019.6482769055342
320,32.032032032032035,1026.0510761011262,26.051076101126228,2026.0510761011262
321,32.132132132132135,1032.4739153567984,32.47391535679844,2032.4739153567984
322,32.232232232232235,1038.9167946725506,38.91679467255062,2038.9167946725506
323,32.332332332332335,1045.379714048383,45.37971404838299,2045.379714048383
324,32.432432432432435,1051.8626734842953,51.86267348429533,2051.8626734842956
325,32.532532532532535,1058.3656729802879,58.365672980287854,2058.365672980288
326,32.632632632632635,1064.8887125363603,64.88871253636034,2064.8887125363603
327,32.732732732732735,1071.431792152513,71.43179215251303,2071.431792152513
328,32.832832832832835,1077.994911828746,77.9949118287459,2077.994911828746
329,32.932932932932935,1084.5780715650587,84.57807156505874,2084.578071565059
330,33.033033033033036,1091.1812713614518,91.18127136145176,2091.1812713614518
331,33.133133133133136,1097.8045112179248,97.80451121792476,2097.8045112179248
332,33.233233233233236,1104.447791134478,104.44779113447794,2104.447791134478
333,33.333333333333336,1111.1111111111113,111.11111111111131,2111.1111111111113
334,33.433433433433436,1117.7944711478247,117.79447114782465,2117.794471147825
335,33.533533533533536,1124.4978712446182,124.49787124461818,2124.497871244618
336,33.633633633633636,1131.2213114014917,131.22131140149168,2131.2213114014917
337,33.733733733733736,1137.9647916184454,137.96479161844536,2137.9647916184454
338,33.833833833833836,1144.7283118954792,144.72831189547924,2144.7283118954792
339,33.933933933933936,1151.511872232593,151.51187223259308,2151.5118722325933
340,34.034034034034036,1158.315472629787,158.3154726297871,2158.315472629787
341,34.134134134134136,1165.139113087061,165.1391130870611,2165.139113087061
342,34.234234234234236,1171.9827936044153,171.9827936044153,2171.9827936044153
343,34.334334334334336,1178.8465141818497,178.84651418184967,2178.8465141818497
344,34.434434434434436,1185.730274819364,185.730274819364,2185.7302748193642
345,34.53453453453454,1192.6340755169585,192.63407551695855,2192.6340755169585
346,34.63463463463464,1199.557916274633,199.55791627463304,2199.557916274633
347,34.73473473473474,1206.5017970923877,206.50179709238773,2206.5017970923877
348,34.83483483483484,1213.4657179702226,213.4657179702226,2213.4657179702226
349,34.93493493493494,1220.4496789081375,220.44967890813746,2220.4496789081377
350,35.03503503503504,1227.4536799061325,227.4536799061325,2227.4536799061325
351,35.13513513513514,1234.4777209642075,234.4777209642075,2234.4777209642075
352,35.23523523523524,1241.5218020823627,241.52180208236268,2241.5218020823627
353,35.33533533533534,1248.585923260598,248.58592326059807,2248.585923260598
354,35.43543543543544,1255.6700844989134,255.6700844989134,2255.6700844989136
355,35.53553553553554,1262.774285797309,262.77428579730895,2262.774285797309
356,35.63563563563564,1269.8985271557844,269.89852715578445,2269.8985271557844
357,35.73573573573574,1277.0428085743401,277.04280857434014,2277.04280857434
358,35.83583583583584,1284.207130052976,284.207130052976,2284.207130052976
359,35.93593593593594,1291.3914915916919,291.3914915916919,2291.391491591692
360,36.03603603603604,1298.595893190488,298.5958931904879,2298.595893190488
361,36.13613613613614,1305.820334849364,305.8203348493639,2305.820334849364
362,36.23623623623624,1313.06481656832,313.0648165683201,2313.06481656832
363,36.33633633633634,1320.3293383473565,320.3293383473565,2320.3293383473565
364,36.43643643643644,1327.6139001864728,327.61390018647285,2327.613900186473
365,36.53653653653654,1334.9185020856694,334.9185020856694,2334.9185020856694
366,36.63663663663664,1342.243144044946,342.2431440449459,2342.243144044946
367,36.73673673673674,1349.5878260643026,349.5878260643026,2349.5878260643026
368,36.83683683683684,1356.9525481437395,356.9525481437395,2356.9525481437395
369,36.93693693693694,1364.3373102832563,364.33731028325633,2364.3373102832566
370,37.03703703703704,1371.7421124828534,371.7421124828534,2371.7421124828534
371,37.13713713713714,1379.1669547425304,379.1669547425304,2379.1669547425304
372,37.23723723723724,1386.6118370622876,386.6118370622876,2386.6118370622876
373,37.33733733733734,1394.076759442125,394.07675944212497,2394.076759442125
374,37.43743743743744,1401.5617218820423,401.5617218820423,2401.5617218820425
375,37.53753753753754,1409.0667243820399,409.06672438203987,2409.06672438204
376,37.63763763763764,1416.5917669421174,416.5917669421174,2416.5917669421174
377,37.73773773773774,1424.136849562275,424.1368495622751,2424.136849562275
378,37.83783783783784,1431.7019722425127,431.70197224251274,2431.701972242513
379,37.93793793793794,1439.2871349828308,439.2871349828308,2439.287134982831
380,38.03803803803804,1446.8923377832286,446.89233778322864,2446.892337783229
381,38.13813813813814,1454.5175806437069,454.5175806437069,2454.517580643707
382,38.23823823823824,1462.162863564265,462.1628635642651,2462.162863564265
383,38.33833833833834,1469.8281865449032,469.82818654490325,2469.8281865449035
384,38.43843843843844,1477.5135495856216,477.5135495856216,2477.5135495856216
385,38.53853853853854,1485.2189526864202,485.21895268642015,2485.2189526864204
386,38.63863863863864,1492.944395847299,492.9443958472989,2492.944395847299
387,38.73873873873874,1500.6898790682574,500.68987906825737,2500.689879068257
388,38.83883883883884,1508.4554023492963,508.45540234929626,2508.4554023492965
389,38.93893893893894,1516.2409656904151,516.2409656904151,2516.240965690415
390,39.03903903903904,1524.0465690916142,524.0465690916142,2524.0465690916144
391,39.13913913913914,1531.8722125528932,531.8722125528932,2531.872212552893
392,39.23923923923924,1539.7178960742524,539.7178960742524,2539.717896074252
393,39.33933933933934,1547.5836196556918,547.5836196556918,2547.583619655692
394,39.43943943943944,1555.4693832972112,555.4693832972112,2555.469383297211
395,39.53953953953954,1563.3751869988107,563.3751869988107,2563.375186998811
396,39.63963963963964,1571.3010307604902,571.3010307604902,2571.30103076049
397,39.73973973973974,1579.24691458225,579.2469145822499,2579.2469145822497
398,39.83983983983984,1587.2128384640898,587.2128384640898,2587.21283846409
399,39.93993993993994,1595.1988024060097,595.1988024060097,2595.1988024060097
400,40.04004004004004,1603.2048064080095,603.2048064080095,2603.2048064080095
401,40.14014014014014,1611.2308504700898,611.2308504700898,2611.2308504700895
402,40.24024024024024,1619.27693459225,619.27693459225,2619.2769345922497
403,40.34034034034034,1627.3430587744901,627.3430587744901,2627.34305877449
404,40.44044044044044,1635.4292230168105,635.4292230168105,2635.4292230168103
405,40.54054054054054,1643.535427319211,643.5354273192111,2643.535427319211
406,40.64064064064064,1651.6616716816916,651.6616716816916,2651.6616716816916
407,40.74074074074074,1659.8079561042523,659.8079561042523,2659.8079561042523
408,40.84084084084084,1667.9742805868932,667.9742805868932,2667.974280586893
409,40.94094094094094,1676.160645129614,676.1606451296141,2676.160645129614
410,41.04104104104104,1684.3670497324151,684.3670497324151,2684.367049732415
411,41.14114114114114,1692.5934943952961,692.5934943952961,2692.593494395296
412,41.24124124124124,1700.8399791182574,700.8399791182574,2700.8399791182574
413,41.34134134134134,1709.1065039012988,709.1065039012988,2709.1065039012988
414,41.44144144144144,1717.3930687444201,717.3930687444201,2717.39306874442
415,41.54154154154154,1725.6996736476215,725.6996736476215,2725.6996736476212
416,41.64164164164164,1734.0263186109032,734.0263186109032,2734.026318610903
417,41.74174174174174,1742.373003634265,742.3730036342649,2742.373003634265
418,41.84184184184184,1750.7397287177066,750.7397287177066,2750.7397287177064
419,41.94194194194194,1759.1264938612285,759.1264938612285,2759.1264938612285
420,42.04204204204204,1767.5332990648305,767.5332990648305,2767.5332990648303
421,42.14214214214214,1775.9601443285126,775.9601443285126,2775.960144328513
422,42.24224224224224,1784.4070296522748,784.4070296522748,2784.407029652275
423,42.34234234234234,1792.8739550361172,792.8739550361172,2792.873955036117
424,42.44244244244244,1801.3609204800396,801.3609204800396,2801.3609204800396
425,42.54254254254254,1809.8679259840421,809.8679259840421,2809.867925984042
426,42.64264264264264,1818.3949715481247,818.3949715481247,2818.394971548125
427,42.74274274274275,1826.9420571722878,826.9420571722878,2826.9420571722876
428,42.84284284284285,1835.5091828565307,835.5091828565307,2835.509182856531
429,42.94294294294295,1844.0963486008536,844.0963486008536,2844.0963486008536
430,43.04304304304305,1852.7035544052567,852.7035544052567,2852.703554405257
431,43.14314314314315,1861.3308002697397,861.3308002697397,2861.3308002697395
432,43.24324324324325,1869.978086194303,869.9780861943029,2869.9780861943027
433,43.34334334334335,1878.6454121789461,878.6454121789461,2878.645412178946
434,43.44344344344345,1887.3327782236697,887.3327782236697,2887.3327782236697
435,43.54354354354355,1896.040184328473,896.0401843284731,2896.040184328473
436,43.64364364364365,1904.7676304933568,904.7676304933568,2904.7676304933566
437,43.74374374374375,1913.5151167183203,913.5151167183203,2913.5151167183203
438,43.84384384384385,1922.2826430033642,922.2826430033642,2922.2826430033642
439,43.94394394394395,1931.070209348488,931.0702093484881,2931.070209348488
440,44.04404404404405,1939.8778157536922,939.8778157536922,2939.877815753692
441,44.14414414414415,1948.7054622189762,948.7054622189762,2948.705462218976
442,44.24424424424425,1957.5531487443404,957.5531487443404,2957.5531487443404
443,44.34434434434435,1966.4208753297846,966.4208753297846,2966.4208753297844
444,44.44444444444445,1975.3086419753092,975.3086419753092,2975.308641975309
445,44.54454454454455,1984.2164486809136,984.2164486809136,2984.2164486809133
446,44.64464464464465,1993.1442954465983,993.1442954465983,2993.1442954465983
447,44.74474474474475,2002.0921822723628,1002.0921822723628,3002.092182272363
448,44.84484484484485,2011.0601091582078,1011.0601091582078,3011.0601091582075
449,44.94494494494495,2020.0480761041326,1020.0480761041326,3020.0480761041326
450,45.04504504504505,2029.0560831101377,1029.0560831101377,3029.0560831101375
451,45.14514514514515,2038.0841301762227,1038.0841301762227,3038.084130176223
452,45.24524524524525,2047.132217302388,1047.132217302388,3047.132217302388
453,45.34534534534535,2056.200344488633,1056.2003444886332,3056.200344488633
454,45.44544544544545,2065.288511734959,1065.2885117349588,3065.288511734959
455,45.54554554554555,2074.396719041364,1074.3967190413641,3074.396719041364
456,45.64564564564565,2083.5249664078497,1083.5249664078497,3083.5249664078497
457,45.74574574574575,2092.6732538344154,1092.6732538344154,3092.6732538344154
458,45.84584584584585,2101.8415813210613,1101.8415813210613,3101.8415813210613
459,45.94594594594595,2111.029948867787,1111.029948867787,3111.029948867787
460,46.04604604604605,2120.2383564745933,1120.2383564745933,3120.2383564745933
461,46.14614614614615,2129.4668041414793,1129.4668041414793,3129.4668041414793
462,46.24624624624625,2138.7152918684455,1138.7152918684455,3138.7152918684455
463,46.34634634634635,2147.983819655492,1147.983819655492,3147.983819655492
464,46.44644644644645,2157.272387502618,1157.2723875026181,3157.272387502618
465,46.54654654654655,2166.5809954098245,1166.5809954098245,3166.5809954098245
466,46.64664664664665,2175.9096433771115,1175.9096433771115,3175.9096433771115
467,46.74674674674675,2185.258331404478,1185.2583314044782,3185.258331404478
468,46.84684684684685,2194.6270594919247,1194.6270594919247,3194.6270594919247
469,46.94694694694695,2204.015827639452,1204.0158276394518,3204.015827639452
470,47.04704704704705,2213.4246358470587,1213.4246358470587,3213.4246358470587
471,47.14714714714715,2222.8534841147457,1222.8534841147457,3222.8534841147457
472,47.24724724724725,2232.302372442513,1232.302372442513,3232.302372442513
473,47.34734734734735,2241.7713008303604,1241.7713008303604,3241.7713008303604
474,47.44744744744745,2251.2602692782875,1251.2602692782875,3251.2602692782875
475,47.54754754754755,2260.7692777862953,1260.7692777862953,3260.7692777862953
476,47.64764764764765,2270.298326354383,1270.2983263543829,3270.298326354383
477,47.74774774774775,2279.8474149825506,1279.8474149825506,3279.8474149825506
478,47.84784784784785,2289.4165436707985,1289.4165436707985,3289.4165436707985
479,47.94794794794795,2299.005712419126,1299.0057124191262,3299.005712419126
480,48.04804804804805,2308.614921227534,1308.614921227534,3308.614921227534
481,48.14814814814815,2318.2441700960226,1318.2441700960226,3318.2441700960226
482,48.24824824824825,2327.8934590245904,1327.8934590245904,3327.8934590245904
483,48.34834834834835,2337.562788013239,1337.5627880132388,3337.562788013239
484,48.44844844844845,2347.2521570619674,1347.2521570619674,3347.2521570619674
485,48.54854854854855,2356.9615661707758,1356.9615661707758,3356.9615661707758
486,48.64864864864865,2366.6910153396643,1366.6910153396643,3366.6910153396643
487,48.74874874874875,2376.440504568633,1376.440504568633,3376.440504568633
488,48.84884884884885,2386.210033857682,1386.210033857682,3386.210033857682
489,48.94894894894895,2395.9996032068107,1395.9996032068107,3395.9996032068107
490,49.04904904904905,2405.80921261602,1405.80921261602,3405.80921261602
491,49.14914914914915,2415.638862085309,1415.638862085309,3415.638862085309
492,49.24924924924925,2425.4885516146783,1425.4885516146783,3425.4885516146783
493,49.34934934934935,2435.3582812041273,1435.3582812041273,3435.3582812041273
494,49.44944944944945,2445.248050853657,1445.2480508536569,3445.248050853657
495,49.54954954954955,2455.1578605632662,1455.1578605632662,3455.1578605632662
496,49.64964964964965,2465.087710332956,1465.0877103329558,3465.087710332956
497,49.74974974974975,2475.0376001627255,1475.0376001627255,3475.0376001627255
498,49.84984984984985,2485.0075300525755,1485.0075300525755,3485.0075300525755
499,49.94994994994995,2494.997500002505,1494.9975000025051,3494.997500002505
500,50.050050050050054,2505.0075100125155,1505.0075100125155,3505.0075100125155
501,50.150150150150154,2515.0375600826055,1515.0375600826055,3515.0375600826055
502,50.250250250250254,2525.0876502127758,1525.0876502127758,3525.0876502127758
503,50.350350350350354,2535.157780403026,1535.1577804030262,3535.157780403026
504,50.450450450450454,2545.2479506533564,1545.2479506533564,3545.2479506533564
505,50.550550550550554,2555.3581609637667,1555.3581609637667,3555.3581609637667
506,50.650650650650654,2565.4884113342573,1565.4884113342573,3565.4884113342573
507,50.750750750750754,2575.638701764828,1575.638701764828,3575.638701764828
508,50.850850850850854,2585.809032255479,1585.809032255479,3585.809032255479
509,50.950950950950954,2595.99940280621,1595.9994028062101,3595.99940280621
510,51.051051051051054,2606.209813417021,1606.209813417021,3606.209813417021
511,51.151151151151154,2616.440264087912,1616.440264087912,3616.440264087912
512,51.251251251251254,2626.6907548188833,1626.6907548188833,3626.6907548188833
513,51.351351351351354,2636.9612856099347,1636.9612856099347,3636.9612856099347
514,51.451451451451454,2647.251856461066,1647.251856461066,3647.251856461066
515,51.551551551551555,2657.5624673722773,1657.5624673722773,3657.5624673722773
516,51.651651651651655,2667.8931183435693,1667.8931183435693,3667.8931183435693
517,51.751751751751755,2678.2438093749406,1678.2438093749406,3678.2438093749406
518,51.851851851851855,2688.6145404663926,1688.6145404663926,3688.6145404663926
519,51.951951951951955,2699.0053116179247,1699.0053116179247,3699.0053116179247
520,52.052052052052055,2709.4161228295366,1709.4161228295366,3709.4161228295366
521,52.152152152152155,2719.8469741012286,1719.8469741012286,3719.8469741012286
522,52.252252252252255,2730.297865433001,1730.2978654330009,3730.297865433001
523,52.352352352352355,2740.7687968248533,1740.7687968248533,3740.7687968248533
524,52.452452452452455,2751.2597682767855,1751.2597682767855,3751.2597682767855
525,52.552552552552555,2761.770779788798,1761.7707797887979,3761.770779788798
526,52.652652652652655,2772.301831360891,1772.301831360891,3772.301831360891
527,52.752752752752755,2782.852922993063,1782.8529229930632,3782.852922993063
528,52.852852852852855,2793.424054685316,1793.4240546853162,3793.424054685316
529,52.952952952952955,2804.0152264376493,1804.0152264376493,3804.0152264376493
530,53.053053053053056,2814.626438250062,1814.6264382500622,3814.626438250062
531,53.153153153153156,2825.2576901225552,1825.2576901225552,3825.2576901225552
532,53.253253253253256,2835.9089820551285,1835.9089820551285,3835.9089820551285
533,53.353353353353356,2846.580314047782,1846.580314047782,3846.580314047782
534,53.453453453453456,2857.271686100515,1857.2716861005151,3857.271686100515
535,53.553553553553556,2867.9830982133285,1867.9830982133285,3867.9830982133285
536,53.653653653653656,2878.7145503862225,1878.7145503862225,3878.7145503862225
537,53.753753753753756,2889.466042619196,1889.4660426191958,3889.466042619196
538,53.853853853853856,2900.23757491225,1900.2375749122498,3900.23757491225
539,53.953953953953956,2911.029147265384,1911.029147265384,3911.029147265384
540,54.054054054054056,2921.840759678598,1921.8407596785978,3921.840759678598
541,54.154154154154156,2932.672412151892,1932.6724121518919,3932.672412151892
542,54.254254254254256,2943.524104685266,1943.5241046852661,3943.524104685266
543,54.354354354354356,2954.3958372787206,1954.3958372787206,3954.3958372787206
544,54.454454454454456,2965.287609932255,1965.2876099322548,3965.287609932255
545,54.55455455455456,2976.199422645869,1976.1994226458692,3976.199422645869
546,54.65465465465466,2987.1312754195637,1987.1312754195637,3987.1312754195637
547,54.75475475475476,2998.0831682533385,1998.0831682533385,3998.0831682533385
548,54.85485485485486,3009.0551011471935,2009.0551011471935,4009.0551011471935
549,54.95495495495496,3020.047074101128,2020.0470741011281,4020.047074101128
550,55.05505505505506,3031.0590871151435,2031.0590871151435,4031.0590871151435
551,55.15515515515516,3042.0911401892386,2042.0911401892386,4042.0911401892386
552,55.25525525525526,3053.143233323414,2053.143233323414,4053.143233323414
553,55.35535535535536,3064.215366517669,2064.215366517669,4064.215366517669
554,55.45545545545546,3075.3075397720045,2075.3075397720045,4075.3075397720045
555,55.55555555555556,3086.41975308642,2086.41975308642,4086.41975308642
556,55.65565565565566,3097.5520064609154,2097.5520064609154,4097.552006460915
557,55.75575575575576,3108.704299895491,2108.704299895491,4108.704299895491
558,55.85585585585586,3119.876633390147,2119.876633390147,4119.876633390148
559,55.95595595595596,3131.069006944883,2131.069006944883,4131.069006944883
560,56.05605605605606,3142.281420559699,2142.281420559699,4142.281420559699
561,56.15615615615616,3153.5138742345953,2153.5138742345953,4153.513874234595
562,56.25625625625626,3164.7663679695715,2164.7663679695715,4164.766367969572
563,56.35635635635636,3176.0389017646276,2176.0389017646276,4176.038901764628
564,56.45645645645646,3187.331475619764,2187.331475619764,4187.331475619764
565,56.55655655655656,3198.6440895349806,2198.6440895349806,4198.644089534981
566,56.65665665665666,3209.976743510277,2209.976743510277,4209.976743510277
567,56.75675675675676,3221.329437545654,2221.329437545654,4221.3294375456535
568,56.85685685685686,3232.702171641111,2232.702171641111,4232.702171641111
569,56.95695695695696,3244.0949457966476,2244.0949457966476,4244.094945796647
570,57.05705705705706,3255.5077600122645,2255.5077600122645,4255.507760012264
571,57.15715715715716,3266.9406142879616,2266.9406142879616,4266.940614287962
572,57.25725725725726,3278.393508623739,2278.393508623739,4278.393508623739
573,57.35735735735736,3289.8664430195963,2289.8664430195963,4289.866443019597
574,57.45745745745746,3301.3594174755335,2301.3594174755335,4301.3594174755335
575,57.55755755755756,3312.8724319915514,2312.8724319915514,4312.872431991551
576,57.65765765765766,3324.405486567649,2324.405486567649,4324.405486567649
577,57.75775775775776,3335.9585812038267,2335.9585812038267,4335.958581203827
578,57.85785785785786,3347.5317159000842,2347.5317159000842,4347.531715900084
579,57.95795795795796,3359.1248906564224,2359.1248906564224,4359.124890656422
580,58.05805805805806,3370.7381054728403,2370.7381054728403,4370.73810547284
581,58.15815815815816,3382.3713603493384,2382.3713603493384,4382.371360349338
582,58.25825825825826,3394.0246552859167,2394.0246552859167,4394.024655285917
583,58.35835835835836,3405.697990282575,2405.697990282575,4405.697990282575
584,58.45845845845846,3417.3913653393133,2417.3913653393133,4417.391365339314
585,58.55855855855856,3429.1047804561317,2429.1047804561317,4429.104780456131
586,58.65865865865866,3440.8382356330303,2440.8382356330303,4440.83823563303
587,58.75875875875876,3452.591730870009,2452.591730870009,4452.591730870009
588,58.85885885885886,3464.365266167068,2464.365266167068,4464.365266167068
589,58.95895895895896,3476.1588415242068,2476.1588415242068,4476.158841524207
590,59.05905905905906,3487.972456941426,2487.972456941426,4487.972456941427
591,59.15915915915916,3499.806112418725,2499.806112418725,4499.806112418725
592,59.25925925925926,3511.6598079561045,2511.6598079561045,4511.6598079561045
593,59.35935935935936,3523.5335435535635,2523.5335435535635,4523.5335435535635
594,59.45945945945946,3535.427319211103,2535.427319211103,4535.427319211103
595,59.55955955955956,3547.3411349287226,2547.3411349287226,4547.341134928723
596,59.65965965965966,3559.274990706422,2559.274990706422,4559.274990706423
597,59.75975975975976,3571.228886544202,2571.228886544202,4571.228886544202
598,59.85985985985987,3583.2028224420624,2583.2028224420624,4583.202822442063
599,59.95995995995997,3595.1967984000025,2595.1967984000025,4595.196798400002
600,60.06006006006007,3607.2108144180224,2607.2108144180224,4607.210814418022
601,60.16016016016017,3619.2448704961225,2619.2448704961225,4619.2448704961225
602,60.26026026026027,3631.298966634303,2631.298966634303,4631.298966634303
603,60.36036036036037,3643.3731028325633,2643.3731028325633,4643.373102832564
604,60.46046046046047,3655.4672790909035,2655.4672790909035,4655.4672790909035
605,60.56056056056057,3667.581495409324,2667.581495409324,4667.581495409324
606,60.66066066066067,3679.7157517878245,2679.7157517878245,4679.715751787824
607,60.76076076076077,3691.8700482264053,2691.8700482264053,4691.870048226405
608,60.86086086086087,3704.0443847250663,2704.0443847250663,4704.044384725066
609,60.96096096096097,3716.238761283807,2716.238761283807,4716.2387612838065
610,61.06106106106107,3728.4531779026283,2728.4531779026283,4728.453177902628
611,61.16116116116117,3740.6876345815294,2740.6876345815294,4740.687634581529
612,61.26126126126127,3752.9421313205107,2752.9421313205107,4752.942131320511
613,61.36136136136137,3765.2166681195718,2765.2166681195718,4765.216668119572
614,61.46146146146147,3777.5112449787134,2777.5112449787134,4777.511244978714
615,61.56156156156157,3789.825861897935,2789.825861897935,4789.825861897934
616,61.66166166166167,3802.1605188772364,2802.1605188772364,4802.160518877236
617,61.76176176176177,3814.515215916618,2814.515215916618,4814.515215916618
618,61.86186186186187,3826.8899530160797,2826.8899530160797,4826.88995301608
619,61.96196196196197,3839.284730175622,2839.284730175622,4839.284730175622
620,62.06206206206207,3851.699547395244,2851.699547395244,4851.699547395244
621,62.16216216216217,3864.134404674946,2864.134404674946,4864.1344046749455
622,62.26226226226227,3876.589302014728,2876.589302014728,4876.589302014729
623,62.36236236236237,3889.0642394145907,2889.0642394145907,4889.064239414591
624,62.46246246246247,3901.559216874533,2901.559216874533,4901.559216874533
625,62.56256256256257,3914.0742343945553,2914.0742343945553,4914.074234394555
626,62.66266266266267,3926.609291974658,2926.609291974658,4926.609291974658
627,62.76276276276277,3939.1643896148407,2939.1643896148407,4939.164389614841
628,62.86286286286287,3951.7395273151037,2951.7395273151037,4951.739527315103
629,62.96296296296297,3964.3347050754464,2964.3347050754464,4964.334705075446
630,63.06306306306307,3976.94992289587,2976.94992289587,4976.94992289587
631,63.16316316316317,3989.585180776373,2989.585180776373,4989.585180776373
632,63.26326326326327,4002.2404787169557,3002.2404787169557,5002.240478716956
633,63.36336336336337,4014.9158167176192,3014.9158167176192,5014.915816717619
634,63.46346346346347,4027.611194778363,3027.611194778363,5027.611194778363
635,63.56356356356357,4040.3266128991863,3040.3266128991863,5040.326612899186
636,63.66366366366367,4053.06207108009,3053.06207108009,5053.06207108009
637,63.76376376376377,4065.8175693210737,3065.8175693210737,5065.817569321074
638,63.86386386386387,4078.5931076221373,3078.5931076221373,5078.593107622137
639,63.96396396396397,4091.3886859832814,3091.3886859832814,5091.388685983282
640,64.06406406406407,4104.204304404505,3104.204304404505,5104.204304404505
641,64.16416416416416,4117.039962885809,3117.0399628858086,5117.039962885809
642,64.26426426426427,4129.895661427194,3129.8956614271938,5129.895661427194
643,64.36436436436436,4142.771400028657,3142.771400028657,5142.771400028657
644,64.46446446446447,4155.6671786902025,3155.6671786902025,5155.6671786902025
645,64.56456456456456,4168.582997411826,3168.582997411826,5168.582997411826
646,64.66466466466467,4181.518856193532,3181.518856193532,5181.518856193532
647,64.76476476476476,4194.474755035315,3194.474755035315,5194.474755035315
648,64.86486486486487,4207.450693937181,3207.4506939371813,5207.450693937181
649,64.96496496496496,4220.446672899125,3220.4466728991247,5220.446672899125
650,65.06506506506507,4233.462691921151,3233.4626919211514,5233.462691921151
651,65.16516516516516,4246.498751003255,3246.498751003255,5246.498751003255
652,65.26526526526527,4259.554850145441,3259.5548501454414,5259.554850145441
653,65.36536536536536,4272.6309893477055,3272.6309893477055,5272.6309893477055
654,65.46546546546547,4285.727168610052,3285.727168610052,5285.727168610052
655,65.56556556556556,4298.843387932477,3298.8433879324766,5298.843387932477
656,65.66566566566567,4311.979647314984,3311.9796473149836,5311.979647314984
657,65.76576576576576,4325.1359467575685,3325.1359467575685,5325.1359467575685
658,65.86586586586587,4338.312286260235,3338.312286260235,5338.312286260235
659,65.96596596596596,4351.50866582298,3351.50866582298,5351.50866582298
660,66.06606606606607,4364.725085445807,3364.725085445807,5364.725085445807
661,66.16616616616616,4377.961545128712,3377.961545128712,5377.961545128712
662,66.26626626626627,4391.218044871699,3391.218044871699,5391.218044871699
663,66.36636636636636,4404.494584674764,3404.494584674764,5404.494584674764
664,66.46646646646647,4417.791164537912,3417.7911645379118,5417.791164537912
665,66.56656656656656,4431.107784461137,3431.1077844611373,5431.107784461137
666,66.66666666666667,4444.444444444445,3444.4444444444453,5444.444444444445
667,66.76676676676676,4457.801144487831,3457.801144487831,5457.801144487831
668,66.86686686686687,4471.177884591299,3471.1778845912986,5471.177884591299
669,66.96696696696696,4484.574664754845,3484.574664754845,5484.574664754845
670,67.06706706706707,4497.991484978473,3497.9914849784727,5497.991484978473
671,67.16716716716716,4511.4283452621785,3511.4283452621785,5511.4283452621785
672,67.26726726726727,4524.885245605967,3524.8852456059667,5524.885245605967
673,67.36736736736736,4538.362186009834,3538.3621860098337,5538.362186009834
674,67.46746746746747,4551.859166473781,3551.8591664737814,5551.859166473781
675,67.56756756756756,4565.376186997808,3565.376186997808,5565.376186997808
676,67.66766766766767,4578.913247581917,3578.913247581917,5578.913247581917
677,67.76776776776777,4592.470348226104,3592.470348226104,5592.470348226104
678,67.86786786786787,4606.047488930372,3606.0474889303723,5606.047488930372
679,67.96796796796797,4619.64466969472,3619.6446696947196,5619.64466969472
680,68.06806806806807,4633.261890519148,3633.2618905191484,5633.261890519148
681,68.16816816816817,4646.899151403655,3646.899151403655,5646.899151403655
682,68.26826826826827,4660.556452348244,3660.5564523482444,5660.556452348244
683,68.36836836836838,4674.233793352914,3674.2337933529143,5674.233793352914
684,68.46846846846847,4687.931174417661,3687.931174417661,5687.931174417661
685,68.56856856856858,4701.648595542491,3701.6485955424914,5701.648595542491
686,68.66866866866867,4715.386056727399,3715.3860567273987,5715.386056727399
687,68.76876876876878,4729.143557972388,3729.1435579723884,5729.143557972388
688,68.86886886886887,4742.921099277456,3742.921099277456,5742.921099277456
689,68.96896896896898,4756.718680642606,3756.718680642606,5756.718680642606
690,69.06906906906907,4770.536302067834,3770.536302067834,5770.536302067834
691,69.16916916916918,4784.373963553145,3784.3739635531447,5784.373963553145
692,69.26926926926927,4798.231665098532,3798.231665098532,5798.231665098532
693,69.36936936936938,4812.109406704003,3812.109406704003,5812.109406704003
694,69.46946946946947,4826.007188369551,3826.007188369551,5826.007188369551
695,69.56956956956958,4839.925010095182,3839.925010095182,5839.925010095182
696,69.66966966966967,4853.86287188089,3853.8628718808905,5853.86287188089
697,69.76976976976978,4867.820773726681,3867.820773726681,5867.820773726681
698,69.86986986986987,4881.79871563255,3881.79871563255,5881.79871563255
699,69.96996996996998,4895.796697598501,3895.796697598501,5895.796697598501
700,70.07007007007007,4909.81471962453,3909.81471962453,5909.81471962453
701,70.17017017017018,4923.8527817106415,3923.8527817106415,5923.8527817106415
702,70.27027027027027,4937.91088385683,3937.91088385683,5937.91088385683
703,70.37037037037038,4951.989026063102,3951.989026063102,5951.989026063102
704,70.47047047047047,4966.087208329451,3966.0872083294507,5966.087208329451
705,70.57057057057058,4980.205430655883,3980.205430655883,5980.205430655883
706,70.67067067067067,4994.343693042392,3994.3436930423923,5994.343693042392
707,70.77077077077078,5008.501995488984,4008.501995488984,6008.501995488984
708,70.87087087087087,5022.680337995654,4022.6803379956536,6022.680337995654
709,70.97097097097098,5036.878720562406,4036.8787205624058,6036.878720562406
710,71.07107107107107,5051.097143189236,4051.097143189236,6051.097143189236
711,71.17117117117118,5065.335605876148,4065.3356058761483,6065.335605876148
712,71.27127127127127,5079.594108623138,4079.594108623138,6079.594108623138
713,71.37137137137138,5093.872651430211,4093.8726514302107,6093.872651430211
714,71.47147147147147,5108.171234297361,4108.171234297361,6108.171234297361
715,71.57157157157158,5122.489857224594,4122.489857224594,6122.489857224594
716,71.67167167167167,5136.828520211904,4136.828520211904,6136.828520211904
717,71.77177177177178,5151.187223259297,4151.187223259297,6151.187223259297
718,71.87187187187187,5165.5659663667675,4165.5659663667675,6165.5659663667675
719,71.97197197197198,5179.964749534321,4179.964749534321,6179.964749534321
720,72.07207207207207,5194.383572761952,4194.383572761952,6194.383572761952
721,72.17217217217218,5208.822436049665,4208.822436049665,6208.822436049665
722,72.27227227227228,5223.281339397456,4223.281339397456,6223.281339397456
723,72.37237237237238,5237.76028280533,4237.76028280533,6237.76028280533
724,72.47247247247248,5252.25926627328,4252.25926627328,6252.25926627328
725,72.57257257257258,5266.778289801314,4266.778289801314,6266.778289801314
726,72.67267267267268,5281.317353389426,4281.317353389426,6281.317353389426
727,72.77277277277278,5295.87645703762,4295.87645703762,6295.87645703762
728,72.87287287287288,5310.455600745891,4310.455600745891,6310.455600745891
729,72.97297297297298,5325.0547845142455,4325.0547845142455,6325.0547845142455
730,73.07307307307308,5339.674008342678,4339.674008342678,6339.674008342678
731,73.17317317317318,5354.313272231191,4354.313272231191,6354.313272231191
732,73.27327327327328,5368.972576179784,4368.972576179784,6368.972576179784
733,73.37337337337338,5383.6519201884585,4383.6519201884585,6383.6519201884585
734,73.47347347347348,5398.35130425721,4398.35130425721,6398.35130425721
735,73.57357357357358,5413.070728386045,4413.070728386045,6413.070728386045
736,73.67367367367368,5427.810192574958,4427.810192574958,6427.810192574958
737,73.77377377377378,5442.569696823953,4442.569696823953,6442.569696823953
738,73.87387387387388,5457.349241133025,4457.349241133025,6457.349241133025
739,73.97397397397398,5472.14882550218,4472.14882550218,6472.14882550218
740,74.07407407407408,5486.9684499314135,4486.9684499314135,6486.9684499314135
741,74.17417417417418,5501.808114420728,4501.808114420728,6501.808114420728
742,74.27427427427428,5516.6678189701215,4516.6678189701215,6516.6678189701215
743,74.37437437437438,5531.547563579597,4531.547563579597,6531.547563579597
744,74.47447447447448,5546.44734824915,4546.44734824915,6546.44734824915
745,74.57457457457458,5561.367172978786,4561.367172978786,6561.367172978786
746,74.67467467467468,5576.3070377685,4576.3070377685,6576.3070377685
747,74.77477477477478,5591.266942618296,4591.266942618296,6591.266942618296
748,74.87487487487488,5606.246887528169,4606.246887528169,6606.246887528169
749,74.97497497497498,5621.246872498125,4621.246872498125,6621.246872498125
750,75.07507507507508,5636.2668975281595,4636.2668975281595,6636.2668975281595
751,75.17517517517518,5651.306962618275,4651.306962618275,6651.306962618275
752,75.27527527527528,5666.3670677684695,4666.3670677684695,6666.3670677684695
753,75.37537537537538,5681.4472129787455,4681.4472129787455,6681.4472129787455
754,75.47547547547548,5696.5473982491,4696.5473982491,6696.5473982491
755,75.57557557557558,5711.667623579537,4711.667623579537,6711.667623579537
756,75.67567567567568,5726.807888970051,4726.807888970051,6726.807888970051
757,75.77577577577578,5741.968194420649,4741.968194420649,6741.968194420649
758,75.87587587587588,5757.148539931323,4757.148539931323,6757.148539931323
759,75.97597597597598,5772.3489255020795,4772.3489255020795,6772.3489255020795
760,76.07607607607608,5787.569351132915,4787.569351132915,6787.569351132915
761,76.17617617617618,5802.809816823832,4802.809816823832,6802.809816823832
762,76.27627627627628,5818.0703225748275,4818.0703225748275,6818.0703225748275
763,76.37637637637638,5833.3508683859045,4833.3508683859045,6833.3508683859045
764,76.47647647647648,5848.65145425706,4848.65145425706,6848.65145425706
765,76.57657657657658,5863.972080188298,4863.972080188298,6863.972080188298
766,76.67667667667668,5879.312746179613,4879.312746179613,6879.312746179613
767,76.77677677677679,5894.673452231011,4894.673452231011,6894.673452231011
768,76.87687687687688,5910.054198342486,4910.054198342486,6910.054198342486
769,76.97697697697699,5925.454984514045,4925.454984514045,6925.454984514045
770,77.07707707707708,5940.875810745681,4940.875810745681,6940.875810745681
771,77.17717717717719,5956.316677037399,4956.316677037399,6956.316677037399
772,77.27727727727728,5971.777583389196,4971.777583389196,6971.777583389196
773,77.37737737737739,5987.258529801074,4987.258529801074,6987.258529801074
774,77.47747747747748,6002.7595162730295,5002.7595162730295,7002.7595162730295
775,77.57757757757759,6018.280542805069,5018.280542805069,7018.280542805069
776,77.67767767767768,6033.821609397185,5033.821609397185,7033.821609397185
777,77.77777777777779,6049.382716049384,5049.382716049384,7049.382716049384
778,77.87787787787788,6064.9638627616605,5064.9638627616605,7064.9638627616605
779,77.97797797797799,6080.56504953402,5080.56504953402,7080.56504953402
780,78.07807807807808,6096.186276366457,5096.186276366457,7096.186276366457
781,78.17817817817819,6111.827543258976,5111.827543258976,7111.827543258976
782,78.27827827827828,6127.488850211573,5127.488850211573,7127.488850211573
783,78.37837837837839,6143.170197224253,5143.170197224253,7143.170197224253
784,78.47847847847848,6158.87158429701,5158.87158429701,7158.87158429701
785,78.57857857857859,6174.59301142985,5174.59301142985,7174.59301142985
786,78.67867867867868,6190.334478622767,5190.334478622767,7190.334478622767
787,78.77877877877879,6206.095985875767,5206.095985875767,7206.095985875767
788,78.87887887887888,6221.877533188845,5221.877533188845,7221.877533188845
789,78.97897897897899,6237.679120562005,5237.679120562005,7237.679120562005
790,79.07907907907908,6253.500747995243,5253.500747995243,7253.500747995243
791,79.17917917917919,6269.342415488562,5269.342415488562,7269.342415488562
792,79.27927927927928,6285.204123041961,5285.204123041961,7285.204123041961
793,79.37937937937939,6301.085870655442,5301.085870655442,7301.085870655442
794,79.47947947947948,6316.987658329,5316.987658329,7316.987658329
795,79.57957957957959,6332.90948606264,5332.90948606264,7332.90948606264
796,79.67967967967968,6348.851353856359,5348.851353856359,7348.851353856359
797,79.77977977977979,6364.81326171016,5364.81326171016,7364.81326171016
798,79.87987987987988,6380.795209624039,5380.795209624039,7380.795209624039
799,79.97997997997999,6396.797197598,5396.797197598,7396.797197598
800,80.08008008008008,6412.819225632038,5412.819225632038,7412.819225632038
801,80.18018018018019,6428.86129372616,5428.86129372616,7428.86129372616
802,80.28028028028028,6444.923401880359,5444.923401880359,7444.923401880359
803,80.38038038038039,6461.00555009464,5461.00555009464,7461.00555009464
804,80.48048048048048,6477.107738369,5477.107738369,7477.107738369
805,80.58058058058059,6493.229966703441,5493.229966703441,7493.229966703441
806,80.68068068068068,6509.372235097961,5509.372235097961,7509.372235097961
807,80.78078078078079,6525.534543552562,5525.534543552562,7525.534543552562
808,80.88088088088088,6541.716892067242,5541.716892067242,7541.716892067242
809,80.98098098098099,6557.919280642004,5557.919280642004,7557.919280642004
810,81.08108108108108,6574.141709276844,5574.141709276844,7574.141709276844
811,81.18118118118119,6590.384177971767,5590.384177971767,7590.384177971767
812,81.28128128128128,6606.646686726766,5606.646686726766,7606.646686726766
813,81.38138138138139,6622.929235541849,5622.929235541849,7622.929235541849
814,81.48148148148148,6639.231824417009,5639.231824417009,7639.231824417009
815,81.58158158158159,6655.5544533522525,5655.5544533522525,7655.5544533522525
816,81.68168168168168,6671.897122347573,5671.897122347573,7671.897122347573
817,81.78178178178179,6688.259831402976,5688.259831402976,7688.259831402976
818,81.88188188188188,6704.642580518456,5704.642580518456,7704.642580518456
819,81.98198198198199,6721.045369694019,5721.045369694019,7721.045369694019
820,82.08208208208208,6737.4681989296605,5737.4681989296605,7737.4681989296605
821,82.18218218218219,6753.911068225383,5753.911068225383,7753.911068225383
822,82.28228228228228,6770.373977581185,5770.373977581185,7770.373977581185
823,82.38238238238239,6786.8569269970685,5786.8569269970685,7786.8569269970685
824,82.48248248248248,6803.359916473029,5803.359916473029,7803.359916473029
825,82.58258258258259,6819.882946009073,5819.882946009073,7819.882946009073
826,82.68268268268268,6836.426015605195,5836.426015605195,7836.426015605195
827,82.78278278278279,6852.989125261399,5852.989125261399,7852.989125261399
828,82.88288288288288,6869.5722749776805,5869.5722749776805,7869.5722749776805
829,82.98298298298299,6886.175464754045,5886.175464754045,7886.175464754045
830,83.08308308308308,6902.798694590486,5902.798694590486,7902.798694590486
831,83.18318318318319,6919.44196448701,5919.44196448701,7919.44196448701
832,83.28328328328328,6936.105274443613,5936.105274443613,7936.105274443613
833,83.38338338338339,6952.788624460297,5952.788624460297,7952.788624460297
834,83.48348348348348,6969.49201453706,5969.49201453706,7969.49201453706
835,83.58358358358359,6986.215444673904,5986.215444673904,7986.215444673904
836,83.68368368368368,7002.958914870826,6002.958914870826,8002.958914870826
837,83.78378378378379,7019.722425127831,6019.722425127831,8019.722425127831
838,83.88388388388388,7036.505975444914,6036.505975444914,8036.505975444914
839,83.98398398398399,7053.309565822079,6053.309565822079,8053.309565822079
840,84.08408408408408,7070.133196259322,6070.133196259322,8070.133196259322
841,84.18418418418419,7086.976866756648,6086.976866756648,8086.976866756648
842,84.28428428428428,7103.84057731405,6103.84057731405,8103.84057731405
843,84.38438438438439,7120.724327931536,6120.724327931536,8120.724327931536
844,84.48448448448448,7137.628118609099,6137.628118609099,8137.628118609099
845,84.58458458458459,7154.5519493467455,6154.5519493467455,8154.5519493467455
846,84.68468468468468,7171.495820144469,6171.495820144469,8171.495820144469
847,84.78478478478479,7188.459731002275,6188.459731002275,8188.459731002275
848,84.88488488488488,7205.443681920158,6205.443681920158,8205.443681920158
849,84.98498498498499,7222.447672898124,6222.447672898124,8222.447672898124
850,85.08508508508508,7239.4717039361685,6239.4717039361685,8239.471703936168
851,85.18518518518519,7256.515775034294,6256.515775034294,8256.515775034295
852,85.28528528528528,7273.579886192499,6273.579886192499,8273.5798861925
853,85.38538538538539,7290.664037410785,6290.664037410785,8290.664037410785
854,85.4854854854855,7307.768228689151,6307.768228689151,8307.76822868915
855,85.58558558558559,7324.892460027596,6324.892460027596,8324.892460027597
856,85.6856856856857,7342.036731426123,6342.036731426123,8342.036731426124
857,85.78578578578579,7359.201042884727,6359.201042884727,8359.201042884728
858,85.8858858858859,7376.3853944034145,6376.3853944034145,8376.385394403414
859,85.98598598598599,7393.589785982179,6393.589785982179,8393.589785982178
860,86.0860860860861,7410.814217621027,6410.814217621027,8410.814217621028
861,86.18618618618619,7428.058689319952,6428.058689319952,8428.05868931995
862,86.2862862862863,7445.323201078959,6445.323201078959,8445.323201078958
863,86.38638638638639,7462.607752898044,6462.607752898044,8462.607752898044
864,86.4864864864865,7479.912344777212,6479.912344777212,8479.91234477721
865,86.58658658658659,7497.236976716457,6497.236976716457,8497.236976716456
866,86.6866866866867,7514.5816487157845,6514.5816487157845,8514.581648715784
867,86.78678678678679,7531.94636077519,6531.94636077519,8531.94636077519
868,86.8868868868869,7549.331112894679,6549.331112894679,8549.331112894679
869,86.98698698698699,7566.735905074244,6566.735905074244,8566.735905074245
870,87.0870870870871,7584.160737313892,6584.160737313892,8584.160737313892
871,87.18718718718719,7601.605609613618,6601.605609613618,8601.605609613618
872,87.2872872872873,7619.070521973427,6619.070521973427,8619.070521973426
873,87.38738738738739,7636.555474393313,6636.555474393313,8636.555474393313
874,87.4874874874875,7654.060466873281,6654.060466873281,8654.060466873281
875,87.58758758758759,7671.585499413328,6671.585499413328,8671.585499413328
876,87.6876876876877,7689.130572013457,6689.130572013457,8689.130572013457
877,87.78778778778779,7706.695684673663,6706.695684673663,8706.695684673663
878,87.8878878878879,7724.280837393952,6724.280837393952,8724.280837393952
879,87.98798798798799,7741.886030174319,6741.886030174319,8741.886030174319
880,88.0880880880881,7759.511263014769,6759.511263014769,8759.511263014769
881,88.18818818818819,7777.1565359152955,6777.1565359152955,8777.156535915296
882,88.2882882882883,7794.821848875905,6794.821848875905,8794.821848875905
883,88.38838838838839,7812.507201896592,6812.507201896592,8812.507201896591
884,88.4884884884885,7830.212594977362,6830.212594977362,8830.212594977362
885,88.58858858858859,7847.938028118209,6847.938028118209,8847.93802811821
886,88.6886886886887,7865.6835013191385,6865.6835013191385,8865.683501319138
887,88.78878878878879,7883.4490145801465,6883.4490145801465,8883.449014580146
888,88.8888888888889,7901.234567901237,6901.234567901237,8901.234567901236
889,88.988988988989,7919.040161282404,6919.040161282404,8919.040161282404
890,89.0890890890891,7936.865794723654,6936.865794723654,8936.865794723653
891,89.1891891891892,7954.711468224982,6954.711468224982,8954.711468224981
892,89.2892892892893,7972.577181786393,6972.577181786393,8972.577181786393
893,89.3893893893894,7990.462935407881,6990.462935407881,8990.46293540788
894,89.4894894894895,8008.368729089451,7008.368729089451,9008.368729089452
895,89.5895895895896,8026.2945628311,7026.2945628311,9026.294562831099
896,89.6896896896897,8044.240436632831,7044.240436632831,9044.24043663283
897,89.7897897897898,8062.206350494639,7062.206350494639,9062.206350494638
898,89.8898898898899,8080.1923044165305,7080.1923044165305,9080.19230441653
899,89.98998998999,8098.198298398499,7098.198298398499,9098.1982983985
900,90.0900900900901,8116.224332440551,7116.224332440551,9116.22433244055
901,90.1901901901902,8134.27040654268,7134.27040654268,9134.27040654268
902,90.2902902902903,8152.336520704891,7152.336520704891,9152.336520704892
903,90.3903903903904,8170.42267492718,7170.42267492718,9170.42267492718
904,90.4904904904905,8188.528869209552,7188.528869209552,9188.528869209553
905,90.5905905905906,8206.655103552,7206.655103552001,9206.655103552
906,90.6906906906907,8224.801377954533,7224.801377954533,9224.801377954533
907,90.7907907907908,8242.967692417142,7242.967692417142,9242.967692417142
908,90.8908908908909,8261.154046939835,7261.154046939835,9261.154046939835
909,90.990990990991,8279.360441522604,7279.360441522604,9279.360441522604
910,91.0910910910911,8297.586876165456,7297.5868761654565,9297.586876165456
911,91.1911911911912,8315.833350868386,7315.833350868386,9315.833350868386
912,91.2912912912913,8334.099865631399,7334.099865631399,9334.099865631399
913,91.3913913913914,8352.38642045449,7352.38642045449,9352.38642045449
914,91.4914914914915,8370.693015337662,7370.693015337662,9370.693015337662
915,91.5915915915916,8389.019650280912,7389.019650280912,9389.019650280912
916,91.6916916916917,8407.366325284245,7407.366325284245,9407.366325284245
917,91.7917917917918,8425.733040347655,7425.733040347655,9425.733040347655
918,91.8918918918919,8444.119795471148,7444.119795471148,9444.119795471148
919,91.991991991992,8462.52659065472,7462.526590654719,9462.52659065472
920,92.0920920920921,8480.953425898373,7480.953425898373,9480.953425898373
921,92.1921921921922,8499.400301202104,7499.400301202104,9499.400301202104
922,92.2922922922923,8517.867216565917,7517.867216565917,9517.867216565917
923,92.3923923923924,8536.354171989808,7536.354171989808,9536.354171989808
924,92.4924924924925,8554.861167473782,7554.861167473782,9554.861167473782
925,92.5925925925926,8573.388203017834,7573.388203017834,9573.388203017834
926,92.6926926926927,8591.935278621968,7591.935278621968,9591.935278621968
927,92.7927927927928,8610.502394286179,7610.502394286179,9610.502394286179
928,92.8928928928929,8629.089550010473,7629.0895500104725,9629.089550010473
929,92.992992992993,8647.696745794845,7647.696745794845,9647.696745794845
930,93.0930930930931,8666.323981639298,7666.323981639298,9666.323981639298
931,93.1931931931932,8684.97125754383,7684.97125754383,9684.97125754383
932,93.2932932932933,8703.638573508446,7703.638573508446,9703.638573508446
933,93.3933933933934,8722.325929533137,7722.325929533137,9722.325929533137
934,93.4934934934935,8741.033325617913,7741.033325617913,9741.033325617913
935,93.5935935935936,8759.760761762764,7759.760761762764,9759.760761762764
936,93.6936936936937,8778.508237967699,7778.508237967699,9778.508237967699
937,93.7937937937938,8797.27575423271,7797.275754232711,9797.27575423271
938,93.8938938938939,8816.063310557807,7816.063310557807,9816.063310557807
939,93.993993993994,8834.870906942979,7834.870906942979,9834.870906942979
940,94.0940940940941,8853.698543388235,7853.698543388235,9853.698543388235
941,94.1941941941942,8872.546219893567,7872.5462198935675,9872.546219893567
942,94.2942942942943,8891.413936458983,7891.413936458983,9891.413936458983
943,94.3943943943944,8910.301693084477,7910.301693084477,9910.301693084477
944,94.4944944944945,8929.209489770052,7929.209489770052,9929.209489770052
945,94.5945945945946,8948.137326515705,7948.137326515705,9948.137326515705
946,94.6946946946947,8967.085203321441,7967.085203321441,9967.085203321441
947,94.7947947947948,8986.053120187255,7986.0531201872545,9986.053120187255
948,94.8948948948949,9005.04107711315,8005.04107711315,10005.04107711315
949,94.994994994995,9024.049074099124,8024.0490740991245,10024.049074099124
950,95.0950950950951,9043.077111145181,8043.077111145181,10043.077111145181
951,95.1951951951952,9062.125188251315,8062.125188251315,10062.125188251315
952,95.2952952952953,9081.193305417532,8081.1933054175315,10081.193305417532
953,95.3953953953954,9100.281462643825,8100.281462643825,10100.281462643825
954,95.4954954954955,9119.389659930202,8119.3896599302025,10119.389659930202
955,95.5955955955956,9138.517897276657,8138.517897276657,10138.517897276657
956,95.6956956956957,9157.666174683194,8157.666174683194,10157.666174683194
957,95.7957957957958,9176.834492149808,8176.834492149808,10176.834492149808
958,95.8958958958959,9196.022849676505,8196.022849676505,10196.022849676505
959,95.995995995996,9215.23124726328,8215.23124726328,10215.23124726328
960,96.0960960960961,9234.459684910136,8234.459684910136,10234.459684910136
961,96.1961961961962,9253.708162617071,8253.708162617071,10253.708162617071
962,96.2962962962963,9272.97668038409,8272.97668038409,10272.97668038409
963,96.3963963963964,9292.265238211185,8292.265238211185,10292.265238211185
964,96.4964964964965,9311.573836098361,8311.573836098361,10311.573836098361
965,96.5965965965966,9330.902474045617,8330.902474045617,10330.902474045617
966,96.6966966966967,9350.251152052955,8350.251152052955,10350.251152052955
967,96.7967967967968,9369.61987012037,8369.61987012037,10369.61987012037
968,96.8968968968969,9389.00862824787,8389.00862824787,10389.00862824787
969,96.996996996997,9408.417426435444,8408.417426435444,10408.417426435444
970,97.0970970970971,9427.846264683103,8427.846264683103,10427.846264683103
971,97.1971971971972,9447.295142990839,8447.295142990839,10447.295142990839
972,97.2972972972973,9466.764061358657,8466.764061358657,10466.764061358657
973,97.3973973973974,9486.253019786553,8486.253019786553,10486.253019786553
974,97.4974974974975,9505.762018274532,8505.762018274532,10505.762018274532
975,97.5975975975976,9525.291056822589,8525.291056822589,10525.291056822589
976,97.6976976976977,9544.840135430728,8544.840135430728,10544.840135430728
977,97.7977977977978,9564.409254098944,8564.409254098944,10564.409254098944
978,97.8978978978979,9583.998412827243,8583.998412827243,10583.998412827243
979,97.997997997998,9603.60761161562,8603.60761161562,10603.60761161562
980,98.0980980980981,9623.23685046408,8623.23685046408,10623.23685046408
981,98.1981981981982,9642.886129372617,8642.886129372617,10642.886129372617
982,98.2982982982983,9662.555448341236,8662.555448341236,10662.555448341236
983,98.3983983983984,9682.244807369932,8682.244807369932,10682.244807369932
984,98.4984984984985,9701.954206458713,8701.954206458713,10701.954206458713
985,98.5985985985986,9721.683645607569,8721.683645607569,10721.683645607569
986,98.6986986986987,9741.433124816509,8741.433124816509,10741.433124816509
987,98.7987987987988,9761.202644085528,8761.202644085528,10761.202644085528
988,98.8988988988989,9780.992203414628,8780.992203414628,10780.992203414628
989,98.998998998999,9800.801802803804,8800.801802803804,10800.801802803804
990,99.0990990990991,9820.631442253065,8820.631442253065,10820.631442253065
991,99.1991991991992,9840.481121762403,8840.481121762403,10840.481121762403
992,99.2992992992993,9860.350841331823,8860.350841331823,10860.350841331823
993,99.3993993993994,9880.240600961322,8880.240600961322,10880.240600961322
994,99.4994994994995,9900.150400650902,8900.150400650902,10900.150400650902
995,99.5995995995996,9920.08024040056,8920.08024040056,10920.08024040056
996,99.6996996996997,9940.030120210302,8940.030120210302,10940.030120210302
997,99.7997997997998,9960.00004008012,8960.00004008012,10960.00004008012
998,99.8998998998999,9979.99000001002,8979.99000001002,10979.99000001002
999,100.0,10000.0,9000.0,11000.0
